quality,compression_ratio
0,0.0921741535351095
5,0.09697319858983447
10,0.11099275843762815
15,0.12409305630171694
20,0.13546243638201624
25,0.14684183003627138
30,0.15656286458151208
35,0.16459160512822144
40,0.17137691410260894
45,0.17865717973252632
50,0.1844807882431105
55,0.1906605938844084
60,0.197999748865923
65,0.2065894084997759
70,0.21715539795214464
75,0.2297901441000976
80,0.2478686982035966
85,0.27201126606542836
90,0.3118758602931593
95,0.38962895734853276
100,0.5939722258426502
